title,published,author,link,text
Des histoires de sécheresse,"Sat, 04 Mar 2023 15:15:23 -0500",aprovost@ledevoir.com (Anne-Marie Provost),https://www.ledevoir.com/monde/afrique/784006/i-le-devoir-i-au-kenya-des-histoires-de-secheresse,"6 Shake Guyo, 72 ans, Malabot | Les éleveurs pastoraux sont nomades, mais fuir la sécheresse en se déplaçant vers des contrées plus vertes n’est pas simple. Shake Guyo explique que sa communauté à Malabot « n’a plus la force de migrer ailleurs » et qu’ils sont maintenant pris sur place de façon permanente. Ils ont besoin de dromadaires pour transporter leurs huttes une fois qu’elles sont démontées et leurs possessions. Il y a également des conflits qui éclatent entre les communautés, qui se battent pour avoir accès aux pâturages. Et, à bon nombre d’endroits, la présence des bêtes ne laisse pas le temps à la végétation de récupérer, ce qui entraîne une dégradation des plantes et du sol. Adrienne Surprenant / MYOP"
Dernière ligne droite pour éviter un naufrage du traité sur la haute mer,"Sat, 04 Mar 2023 15:01:55 -0500",webmestre@ledevoir.com (Amélie Bottollier-Depois),https://www.ledevoir.com/monde/784115/-derniere-ligne-droite-pour-eviter-un-naufrage-du-traite-sur-la-haute-mer,"Les États membres de l’ONU tentaient toujours d’arrache-pied samedi, après une nuit blanche, de surmonter leurs divisions et d’accoucher d’un traité pour protéger la haute mer, trésor fragile et vital qui couvre près de la moitié de la planète.

Après plus de 15 ans de discussions informelles puis formelles, les négociateurs ont déjà dépassé de plusieurs heures les deux nouvelles semaines de pourparlers à New York, troisième « dernière » session en moins d’un an.

Entre bouffées d’espoirs de passer enfin la ligne d’arrivée et inquiétudes d’un nouvel échec, les négociations ont pris des allures de montagnes russes ces derniers jours au fil des revendications et des compromis de diverses délégations.

Après une nuit blanche, les négociateurs étaient toujours réunis à huis clos samedi pour résoudre notamment la question hautement politique du partage des éventuels bénéfices issus des ressources marines génétiques récoltés en haute mer.

« Nous avons encore quelques questions à clarifier, mais nous faisons des progrès et les délégations montrent de la flexibilité », avait indiqué la présidente de la conférence, Rena Lee, lors d’une séance plénière éclair vers 1 h 30 du matin.

Ce chapitre des ressources marines génétiques est absent du dernier projet de texte actualisé publié dans la nuit qui compte aussi toujours des dizaines de parenthèses, signe des points de désaccord.

Mais plusieurs sources proches des négociations ont assuré samedi matin à l’Agence France-Presse (AFP) que les négociations avaient depuis progressé.

« Tellement proches maintenant », a lancé sur Twitter la négociatrice néo-zélandaise Victoria Hallum, notant avoir battu son record avec plus de 24 heures d’affilée en pourparlers.

Accord, mais pas adoption

Même si des compromis sont trouvés sur toutes les questions encore en suspens, le traité ne pourra pas, dans tous les cas, être formellement adopté lors de cette session, a expliqué vendredi Rena Lee.

Mais il pourra être « finalisé », sans possibilité de rouvrir des discussions « sur le fond », avant une adoption formelle « à une date ultérieure » quand il aura été passé au crible par les services juridiques et traduit dans les six langues officielles de l’ONU.

Même sans adoption formelle, ce serait « une étape majeure », a déclaré à l’AFP Veronica Frank, de Greenpeace.

La haute mer commence là où s’arrêtent les zones économiques exclusives (ZEE) des États, à maximum 200 milles nautiques (370 km) des côtes, et elle n’est donc sous la juridiction d’aucun pays.

Même si elle représente plus de 60 % des océans et près de la moitié de la surface de la planète, elle a longtemps été ignorée dans le combat environnemental, au profit des zones côtières et d’espèces emblématiques.

Les écosystèmes océaniques fabriquent pourtant la moitié de l’oxygène que nous respirons, limitent le réchauffement en absorbant une part importante du CO2 émis par les activités humaines, et nourrissent une partie de l’humanité.

Mais ils sont menacés par le changement climatique, les pollutions en tous genres et la surpêche.

Équité Nord-Sud

Les négociations du futur traité se sont cristallisées sur plusieurs contentieux : procédure de création des aires marines protégées, modalités de mise en oeuvre des études d’impact sur l’environnement des activités envisagées en haute mer, et surtout partage des potentiels bénéfices issus des ressources marines génétiques.

Pour de nombreux observateurs, cette question se résume à une question d’équité Nord-Sud. « De la géopolitique », commente Minna Epps, de l’Union internationale pour la Protection de la Nature (UICN).

Les pays en développement sont en effet inquiets de ne pas être pleinement partie au traité faute de ressources financières ; et craignent d’être privés de leur part du gâteau de la commercialisation de potentielles molécules miraculeuses découvertes dans ces eaux internationales.

Avec une annonce vue comme un geste pour renforcer la confiance Nord-Sud, l’Union européenne a promis, à New York, 40 millions d’euros pour faciliter la ratification du traité et sa mise en oeuvre initiale.

Au-delà, elle s’est engagée à consacrer plus de 800 millions d’euros à la protection des océans en général pour 2023, lors de la conférence « Notre Océan » qui s’est achevée vendredi à Panama. Conférence qui a vu au total des engagements de près de 20 milliards de dollars — dont près de 6 milliards des États-Unis.

En cas d’accord, restera à savoir si le texte approuvé sera suffisamment solide, avec les compromis consentis, pour permettre de protéger efficacement les océans et d’atteindre l’engagement pris en décembre par l’ensemble des gouvernements du monde de protéger 30 % des terres et des océans de la planète d’ici 2030.

Un défi quasi impossible sans inclure la haute mer, dont environ 1 % seulement est protégé aujourd’hui."
Le Canada interpellé alors que le nombre de réfugiés explose sur la planète,"Sat, 04 Mar 2023 12:29:47 -0500",webmestre@ledevoir.com (Dylan Robertson),https://www.ledevoir.com/monde/784107/-le-canada-interpelle-alors-que-le-nombre-de-refugies-explose-sur-la-planete,"Les Nations Unies se préparent à une nouvelle augmentation du nombre de réfugiés cette année, en raison du tremblement de terre du mois dernier en Turquie et en Syrie qui s’ajoute à une série de crises qui font en sorte que le monde se tourne vers le Canada pour obtenir plus d’aide.

« Les besoins partout dans le monde sont énormes », a déclaré Kelly Clements, vice-commissaire des Nations unies pour les réfugiés, lors d’une visite au Canada cette semaine.

« C’est le début d’une autre année très difficile. »

Mme Clements était en tournée au Moyen-Orient le mois dernier lorsque le tremblement de terre a frappé, et s’est dirigée vers la grande ville syrienne d’Alep immédiatement après.

Elle a dit que les secousses ont réveillé le personnel du Haut-Commissariat des Nations unies pour les réfugiés (HCR) aux premières heures du 6 février. Ils sont sortis dans la rue, se retrouvant dans la neige avec seulement leurs vêtements de nuit.

« Certains de nos collègues ont perdu leur maison ou des biens et s’inquiétaient pour leurs proches. Malgré cela, tout le monde était de retour au bureau dès ce jour-là », a-t-elle dit.

« Vous pouvez voir à l’intérieur des immeubles d’appartements, voir les effets personnels, les vêtements des gens, les miroirs sur le mur, les commodes, etc. », a raconté Mme Clements.

La guerre civile syrienne est en cours depuis 2011 et certaines parties d’Alep étaient déjà en ruines », a-t-elle souligné.

De nombreuses parties de la Syrie sont sous le contrôle de groupes belligérants, ce qui rend la réponse du pays beaucoup plus lente que la mobilisation du gouvernement turc. Il a fallu une semaine au gouvernement syrien pour assouplir sa politique de restrictions sévères aux frontières, ce qui a retardé l’arrivée de l’aide humanitaire.

Le HCR a pu cependant se concentrer sur l’établissement de logements pour les sinistrés. Mme Clements a précisé que l’agence a besoin de financement pour organiser des programmes pour les enfants séparés de leur famille et pour protéger les femmes contre la violence.

« Notre plus grande préoccupation est que lorsque les projecteurs ne seront plus braqués sur la réponse au tremblement de terre, même si les secousses ont disparu, les besoins seront toujours là. »

« Ce sont des gens qui auront besoin du soutien à long terme de la communauté internationale pour reconstruire leur vie. Il ne s’agit pas seulement de reconstruire des structures », a affirmé la vice-commissaire du HCR.

La Syrie comptait 21 millions de citoyens lorsque la guerre civile a éclaté il y a 12 ans. Aujourd’hui, 6,8 millions de Syriens sont déplacés et 5 millions sont des réfugiés dans d’autres pays.

Situation au Liban

De l’autre côté de la frontière, au Liban, 1,5 million de Syriens se retrouvent dans ce pays où un cinquième des résidents sont des réfugiés d’autres États, la plus forte proportion de la planète.

Kelly Clements, une ancienne diplomate américaine à Beyrouth, se souvient d’avoir amené ses propres médicaments lors d’une récente visite, en raison du manque d’approvisionnement dans le pays.

Le Liban était dans une impasse politique depuis des années lorsqu’une grande partie de son port principal a explosé en 2020. L’inflation a rendu pauvres presque tous les réfugiés dans le pays, ainsi que de nombreux citoyens libanais, explique Mme Clements.

Elle note que les Libanais fuient également leur propre pays sur des bateaux de fortune et que le nombre de morts en mer a triplé de 2021 à 2022.

Pendant ce temps, un autre conflit au Yémen a produit une catastrophe humanitaire, alors qu’un appel mondial à l’aide n’a atteint qu’un tiers de son objectif cette semaine.

L’ONU a demandé 4,3 milliards de dollars américains pour rétablir des services de nourriture, d’eau et de santé adéquats, mais n’a reçu que 1,2 milliard lors d’une conférence des donateurs lundi.

Le pays est assailli par une guerre civile violente, un blocus économique et des catastrophes naturelles de plus en plus graves. Selon Save the Children, le manque de financement « aura un impact négatif sur la vie de millions d’enfants au Yémen et sur la stabilité à long terme du pays ».

Lundi, le ministre canadien du Développement international, Harjit Sajjan, a annoncé un financement de 46 millions de dollars « dans le cadre de sa réponse continue à la crise humanitaire au Yémen ».

« Il est tombé en grande partie hors du radar de la communauté internationale, et a encore énormément besoin de soutien humanitaire », a déclaré Mme Clements.

Le Haut-Commissariat des Nations unies pour les réfugiés a recensé 65 millions de personnes déplacées dans le monde en 2015, un chiffre qui a explosé au-delà de 100 millions et qui devrait atteindre 120 millions d’ici la fin de 2023, selon des estimations conservatrices.

Mme Clements a félicité le Canada d’être l’un des principaux bailleurs de fonds du HCR et d’avoir réinstallé certains des réfugiés les plus vulnérables du monde dont les besoins ne peuvent être satisfaits dans de nombreux pays en développement.

Toutefois, elle espère que la contribution canadienne augmentera dans le prochain budget fédéral.

« Nous avons besoin que le Canada soit avec nous encore plus en 2023 qu’en 2022. »

Chemin Roxham

Pendant ce temps, plus près de nous, la hausse du nombre de demandeurs d’asile qui entrent au Canada par le chemin Roxham incite le Québec à exhorter qu’Ottawa ferme ce point de passage frontalier non officiel.

Le gouvernement fédéral a transporté des centaines de demandeurs d’asile en Ontario alors que les médias québécois ont souligné le manque de logements à Montréal pour les nouveaux arrivants.

Bien que Mme Clements ne suive pas la politique canadienne, elle affirme qu’elle est confiante que le pays restera ouvert à aider les gens dans le besoin.

« Le Canada a toujours été un pays incroyablement généreux, accueillant à bras ouverts les réfugiés, les demandeurs d’asile et d’autres », a-t-elle dit.

« Je suis convaincu que le Canada peut trouver des moyens de continuer à accueillir ceux qui ont besoin de sa protection internationale », a-t-elle conclu."
"Combats acharnés à Bakhmout, visite du ministre russe de la Défense dans l’Est","Sat, 04 Mar 2023 10:33:26 -0500",webmestre@ledevoir.com (Agence France-Presse),https://www.ledevoir.com/monde/europe/784100/-combats-acharnes-a-bakhmout-visite-du-ministre-russe-de-la-defense-dans-l-est,"Le ministre russe de la Défense a mené une inspection dans la zone du conflit de l’est de l’Ukraine, a indiqué samedi son ministère, au moment où fait rage la bataille pour la ville-symbole de Bakhmout.

Le ministère russe de la Défense a indiqué que Sergueï Choïgou avait inspecté un poste de commandement avancé, dans la zone « Donetsk-Sud », lors d’une visite « dans la zone de l’opération militaire spéciale », sans préciser le lieu exact, ni la proximité avec la ligne de front, ni la date de cette visite.

Le ministère a publié une vidéo montrant M. Choïgou voyageant à bord d’un hélicoptère, puis s’entretenant — sans casque ni tenue de combat — avec un militaire dans la même tenue, devant des bâtiments endommagés, sous la garde d’un soldat.

La veille, le groupe paramilitaire Wagner, qui accuse régulièrement le commandement de l’armée russe de ne pas lui fournir suffisamment de soutien, a affirmé avoir « pratiquement encerclé » Bakhmout, dans la région de Donetsk, et a appelé le président Volodymyr Zelensky à sonner le retrait de ses troupes.

La bataille pour Bakhmout, ville industrielle dont l’importance stratégique est contestée, dure depuis l’été. La cité est devenue un symbole, car elle est au coeur des combats entre Russes et Ukrainiens depuis des mois.

« Épicentre » du conflit

« La situation à Bakhmout est difficile, mais sous contrôle », a indiqué samedi un porte-parole de l’armée ukrainienne, Serguiï Tcherevaty, à la chaîne de télévision My-Ukraina.

Selon lui, la ville, désormais en grande partie détruite et en grande partie vidée de ses habitants, est actuellement « l’épicentre » du conflit.

Ces dernières semaines, les forces russes ont progressé, coupant trois des quatre routes d’approvisionnement ukrainiennes et rendant la position des défenseurs de plus en plus précaire.

« Les unités de Wagner ont pratiquement encerclé Bakhmout, il ne reste plus qu’une seule route » pour en sortir, a souligné vendredi le patron de Wagner, Evguéni Prigojine, dans une vidéo publiée par son service de presse.

En tenue militaire et casqué, M. Prigojine a appelé M. Zelensky — qui avait juré de défendre Bakhmout « aussi longtemps que possible » — à donner l’ordre aux troupes ukrainiennes de se retirer de la ville.

Samedi, l’état-major de l’armée ukrainienne a indiqué avoir repoussé plus de 150 assauts russes lors des dernières 24 heures dans cette zone.

Le ministère britannique de la Défense a souligné samedi que l’armée régulière russe et le groupe Wagner avaient progressé dans la banlieue nord de Bakhmout, une ville qui est désormais « vulnérable à des attaques venant de trois côtés ».

« L’Ukraine renforce la zone avec des unités d’élite et, lors des 36 dernières heures, deux ponts clé à Bakhmout ont été détruits, notamment un pont vital reliant la cité à la dernière principale route de ravitaillement », a indiqué le ministère britannique.

Kiev a indiqué samedi que le chef des forces spéciales ukrainiennes, le général Viktor Khorenko, avait inspecté des unités qui défendent Bakhmout.

Nouvelle aide américaine

Alors que se poursuivent ces combats acharnés, le président Joe Biden a annoncé vendredi une nouvelle aide militaire à l’Ukraine de 400 millions de dollars.

L’aide militaire occidentale à l’Ukraine a été cruciale pour permettre à Kiev de résister aux troupes russes et même de regagner du terrain, mais le Kremlin a déclaré que cette aide ne ferait que « prolonger le conflit ».

Washington a néanmoins inclus dans ce soutien militaire des munitions, notamment pour le système de roquettes Himars, que les forces ukrainiennes ont utilisé avec un effet dévastateur sur les troupes et lignes logistiques russes.

Le ministre ukrainien de la Défense, Oleksiï Reznikov, a salué un nouvel « investissement solide pour les futurs succès de l’armée ukrainienne sur le champ de bataille ».

De son côté, Volodymyr Zelensky a reçu samedi à Lviv, dans l’ouest de l’Ukraine, la présidente du Parlement européen, Roberta Metsola. « L’Ukraine a comme objectif […] de commencer les négociations pour rejoindre l’UE dès cette année », a-t-il souligné sur Telegram.

Mme Metsola a dit partager cet objectif. « L’avenir de l’Ukraine est dans l’Union européenne », a-t-elle dit.

Parallèlement, plusieurs responsables de régions ukrainiennes dans le sud et l’est du pays ont signalé de nouveaux tirs russes contre des infrastructures civiles lors des dernières 24 heures.

Les services d’urgence ukrainiens ont indiqué samedi que le bilan de la frappe contre un immeuble d’habitation à Zaporijjia, dans la nuit de mercredi à jeudi, était monté à 10 morts, dont un enfant.

Les autorités ont aussi annoncé la mort de deux civils lors d’une frappe « d’artillerie russe » samedi matin sur la ville de Gouliaï Polé, et deux autres morts lors de tirs sur la localité de Tchervonohryhorivka dans la région de Dnipro.

Sur Telegram, le maire de la ville de Horlivka, sous contrôle des séparatistes prorusses de Donetsk, a lui affirmé que deux civils avaient été tués lors d’un bombardement venant « des forces ukrainiennes »."
La solidarité de l’OTAN mise à l’épreuve,"Sat, 04 Mar 2023 04:09:41 -0500",mvastel@ledevoir.com (Marie Vastel),https://www.ledevoir.com/monde/784053/un-an-de-guerre-en-ukraine-la-solidarite-de-l-otan-mise-a-l-epreuve,"Un an après que la Russie a lancé son invasion en Ukraine voisine, la Finlande et la Suède estiment qu’il est toujours aussi urgent pour elles de se joindre à l’OTAN. À tel point qu’Helsinki semble se préparer à aller de l’avant sans attendre que Stockholm obtienne son feu vert à son tour. En entrevue avec Le Devoir, les ambassadeurs des deux pays nordiques révèlent que leur solidarité de départ est en train de céder relativement à une Organisation du traité de l’Atlantique Nord (OTAN) paralysée par l’entêtement de la Hongrie et, surtout, de la Turquie.

La Finlande et la Suède avaient causé la surprise, l’an dernier, en délaissant leur traditionnelle politique de neutralité à l’égard de la Russie pour déposer une demande d’adhésion auprès de l’﻿OTAN.

La guerre au sud de leurs frontières s’étire depuis. La Russie a progressé moins vite en Ukraine que ce que certains prédisaient au départ. Mais l’empressement à se joindre à l’OTAN demeure tout autant.

« Les Russes ont démontré de façon flagrante qu’ils sont prêts à utiliser la force militaire pour saisir le territoire d’un pays voisin. [Un comportement] qui était, nous le croyions, de l’histoire ancienne », affirme l’ambassadeur suédois à Ottawa, Urban Ahlin, pour expliquer le changement de cap de son pays.

Son homologue de la Finlande, Roy Eriksson, offre la même justification. Les Finlandais voyaient, avant le 24 février 2022, une adhésion possible à l’OTAN comme une police d’assurance dont ils pourraient se prémunir au besoin. « Lorsque la Russie a attaqué l’Ukraine, les gens ont compris qu’il était temps de s’armer de cette police d’assurance dès maintenant », indiquait l’ambassadeur Eriksson en entrevue récemment.

L’OTAN a d’ailleurs démontré qu’elle comprend bien ce sentiment d’urgence, de l’avis des deux ambassadeurs. La quasi-totalité des pays membres a rapidement ratifié leurs demandes. Le Canada a été le premier à le faire. Mais la Hongrie résiste encore et les délibérations s’étirent au sein de son Parlement.

Lorsque la Russie a attaqué l’Ukraine, les gens ont compris qu’il était temps de s’armer de cette police d’assurance dès maintenant.

La Turquie, quant à elle, persiste à refuser que la Suède se joigne à l’OTAN. Le président Recep Tayyip Erdoğan, qui briguera en mai un nouveau scrutin, maintient que la Suède n’en fait pas assez pour sévir contre des séparatistes kurdes sur son territoire. Fin janvier, M. Erdoğan a ouvert la porte à ce que la Turquie accepte l’entrée de la Finlande uniquement.

Un tandem qui se fracture

L’ambassadeur suédois, Urban Ahlin, est catégorique. « La Suède et la Finlande vont de pair », insiste-t-il au bout du fil. « Nous avons fait notre demande ensemble. Nous allons nous joindre à l’OTAN ensemble. »

Pourtant, le gouvernement finlandais a récemment laissé entendre qu’il pourrait aller de l’avant sans son allié de la première heure. L’ambassadeur Ahlin réplique que les dirigeants des deux pays nordiques sont bel et bien en symbiose.

L’ambassadeur Eriksson s’est toutefois montré bien moins catégorique. Il serait « logique » pour la Finlande et la Suède de se joindre à﻿ l’OTAN ensemble. Les demandes ont été présentées conjointement et la Finlande « souhaiterait » qu’elles soient acceptées conjointement.

Mais « le monde ne s’écroulera pas si ce n’est pas le cas », nuance Roy Eriksson, dans son bureau d’Ottawa. « Ce sont évidemment deux demandes séparées. Nous les avons présentées en même temps, mais ce sont deux pays différents », ajoute-t-il. « Tout politicien doit envisager un plan B. »

Le parlement finlandais adoptait justement, quelques jours après cette entrevue, la loi autorisant son entrée dans l’alliance militaire, en attendant la ratification de la Hongrie et de la Turquie. Des élections sont prévues en avril, et la Finlande — dont la frontière avec la Russie est la plus longue des pays d’Europe — voulait éviter que le dossier soit ainsi retardé.

Un récent sondage révélait que 53 % des Finlandais rejettent l’idée que leur pays attende la Suède pour rejoindre l’OTAN. Seuls 28 % avaient répondu par l’affirmative.

Le prochain sommet comme test

Les ambassadeurs Ahlin et Eriksson voudraient que leur demande soit acceptée d’ici le prochain sommet de l’OTAN, qui se tiendra en juillet en Lituanie.

Si les pays membres ne parviennent pas à s’entendre ou à convaincre la Hongrie et la Turquie de se ranger avec leurs 28 partenaires, c’est la légitimité de l’OTAN qui en souffrirait, suggère Roy Eriksson.

L’ambassadeur prend soin de ne pas critiquer directement l’alliance, mais il cite des analystes qui ont noté que l’OTAN pourrait alors être accusée d’être « si faible que ses membres ne parviennent même pas à s’entendre sur un enjeu qui est dans leur propre intérêt ».

La Suède accuse la Turquie de ne pas respecter l’entente de principe conclue l’été dernier, qui devait permettre son adhésion ainsi que celle de la Finlande, et d’ainsi « changer les règles du jeu après coup ». Ankara reproche à Stockholm de refuser d’extrader des Kurdes qu’elle soupçonne d’être des combattants opérant en Suède. La Turquie n’a pas non plus toléré qu’un militant d’extrême droite brûle le Coran devant son ambassade dans la capitale suédoise.

Le premier ministre hongrois, Viktor Orbán, en veut pour sa part aux deux pays nordiques d’avoir critiqué — comme plusieurs autres en Europe — l’État de droit en Hongrie.

En attendant que les deux derniers récalcitrants ratifient leur demande, le niveau d’inquiétude en Suède et en Finlande demeure à peu près le même.

Les Finlandais ont cependant constaté une hausse des cyberattaques. Les autorités ne pointent pas la Russie du doigt, mais la population soupçonne le voisin de l’Est d’en être responsable et de tenter ainsi d’intimider l’État finlandais.

Une raison de plus de se protéger rapidement, réitèrent les ambassadeurs Eriksson et Ahlin."
"En France, un accueil exemplaire","Sat, 04 Mar 2023 04:09:32 -0500",crioux@ledevoir.com (Christian Rioux),https://www.ledevoir.com/monde/europe/784052/un-an-de-guerre-en-ukraine-en-france-un-accueil-exemplaire,"À l’étranger, l’accueil des migrants en France a souvent mauvaise presse. On y multiplie les reportages sur les illégaux et les mauvaises conditions d’accueil. Un récent rapport de la Cour des comptes sur l’accueil des réfugiés ukrainiens dans l’Hexagone tend cependant à ébranler ce mythe et à démontrer le contraire. Même si l’accueil de ceux qui ont dû fuir l’Ukraine à la suite de l’invasion russe s’est principalement concentré sur les pays proches (Pologne, Roumanie, Hongrie, Slovaquie et Moldavie), depuis le début de l’offensive russe, la France a accueilli 115 000 réfugiés ukrainiens fuyant la guerre. Un an plus tard, tous s’accordent pour souligner la rapidité d’action de l’État et des administrations pour faire face à ce qui a représenté le plus grand mouvement de réfugiés en Europe depuis la Seconde Guerre mondiale.

Dès le 4 mars 2022, deux semaines à peine après l’entrée en Ukraine des troupes russes, le pays se mobilisait pour recevoir ceux qui se sont d’abord présentés dans les régions frontalières de l’Est, où plus de 80 000 personnes ont été accueillies. Dans ce que les rapporteurs qualifient de « mobilisation sans précédent des Français », plus de 87 000 places d’hébergement ont été créées en quelques semaines, dont 60 000 sont toujours actives. « L’État s’est vraiment mobilisé pour offrir un hébergement et toute l’aide possible », confirme Anar Lutfaliyev, président de l’association d’aide aux réfugiés ukrainiens France Ukraine News. « On a senti un vrai soutien dans la population. Certains Français allant même chercher des Ukrainiens en Pologne pour leur offrir de l’aide. »

Des initiatives originales

Plusieurs régions ont redoublé d’imagination pour accueillir les familles dans le besoin. À Paris, on a réquisitionné un hall du Parc des expositions où plus de 1000 personnes par jour ont été accueillies au plus fort de la crise. À Marseille, dès le début du mois de mai 2022, 900 réfugiés ont été logés sur un traversier de la compagnie française Corsica Linea reliant habituellement la cité phocéenne à Alger. Dans cette même ville, un numéro d’appel spécial permettait d’aller récupérer 24 heures sur 24 partout dans la ville les personnes déplacées afin de leur offrir un hébergement d’urgence.

En outre, 44 000 citoyens qui se sont portés volontaires pour offrir des ressources d’hébergement. Au total, 21 000 personnes ont ainsi pu être logées en urgence. Sans compter cette générosité spontanée des Français qui sont allés directement offrir leur aide aux abords des gares, par exemple. C’est pourquoi, en déplacement dans l’Essonne la semaine dernière, la première ministre Élisabeth Borne parlait d’un « engagement exceptionnel ».

La délivrance d’une autorisation provisoire de séjour (APS) de six mois (renouvelable) offrait automatiquement aux réfugiés une allocation d’urgence, une aide au logement, le droit de travailler, de se faire soigner gratuitement partout en France et d’inscrire leurs enfants à l’école et même à la garderie gratuitement. Ainsi, 19 000 enfants ukrainiens ont pu être scolarisés dans les écoles françaises. Sans compter 1266 étudiants dans l’enseignement supérieur.

Mais le principal choc suscité par cette arrivée massive n’a été ni le nombre ni l’origine, mais le fait que 80 % d’entre eux étaient des femmes. « Le profil des Ukrainiens sous protection temporaire en France tranche avec les demandeurs d’asile habituels, écrit Rachel Binhas dans l’hebdomadaire Marianne. Quand le pays reçoit généralement des hommes plutôt jeunes, célibataires, les autorités ont dû prendre en charge des femmes avec enfants et parfois accompagnées d’une personne âgée. »

Certains observateurs en ont déduit que la France accueillait pour une fois de « vrais réfugiés » qui ne cherchaient pas un simple asile économique. En Grèce, un pays pourtant débordé par les demandeurs d’asile, le ministre des Migrations, Notis Mitarachi, n’a pas hésité à plaider en faveur de l’accueil de ceux qu’il nommait les « vrais réfugiés ».

Traitement de faveur ?

Certaines associations d’aide aux migrants ont au contraire fustigé un accueil à deux vitesses et dénoncé la différence de traitement avec les migrants venus d’Afrique. Pour ces associations, tous les demandeurs d’asile devraient jouir des facilités offertes aux Ukrainiens. « L’APS est liée à une situation exceptionnelle. On ne peut évidemment pas l’offrir à tout le monde », dit au contraire Anar Lutfaliyev. C’est aussi l’opinion du directeur général de l’Office français de l’immigration et de l’intégration, Didier Leschi. « Les Ukrainiens sont là temporairement, quand le conflit sera terminé, la plupart envisagent de retourner dans leur pays », a-t-il déclaré à Libération. Au point où, dit-il, cet accueil n’a même « pas été considéré comme une question migratoire ».

Cette différence avec la clientèle des demandeurs d’asile s’explique aussi par le fait que la France est connue pour être la direction de dernier recours des demandeurs d’asile qui ont souvent été rejetés dans un ou plusieurs autres pays européens. Contrairement aux Ukrainiens, ceux-ci viennent presque toujours pour s’y installer. Même ceux dont la demande est rejetée ne quittent généralement pas le pays, devenant ainsi pour la plupart des illégaux.

Signe de leur volonté de repartir, un grand nombre de réfugiés ukrainiens n’ont pas souhaité apprendre le français. Les enfants, même scolarisés en France, suivent souvent un enseignement en ligne donné par les écoles ukrainiennes. Mais avec la guerre qui s’éternise, la question de l’intégration pourrait se poser de manière plus importante. C’est pourquoi la première ministre parle dorénavant d’« accompagner [les réfugiés] vers un logement, un emploi et l’apprentissage de la langue ».

Même si le statut de « protection temporaire » décrété par l’Union européenne a été prolongé jusqu’en mars 2025, il semble évident que la France pourra difficilement maintenir cet effort financier exceptionnel qui lui a déjà coûté 634 millions d’euros. « Si le conflit perdure, il faudra régler des questions aussi concrètes comme de savoir dans quel pays ces réfugiés feront leur rapport d’impôt puisqu’ils sont toujours considérés par Kiev comme des résidents ukrainiens », dit Anar Lutfaliyev. En attendant, dit-il, la priorité, c’est évidemment que cette guerre se termine."
Biden annonce une nouvelle aide militaire à l’Ukraine lors d’une rencontre avec Scholz,"Fri, 03 Mar 2023 21:42:27 -0500",webmestre@ledevoir.com (Aurélia End),https://www.ledevoir.com/monde/784029/-biden-et-scholz-avec-l-ukraine-aussi-longtemps-que-necessaire,"Les États-Unis ont annoncé vendredi une nouvelle aide militaire à l’Ukraine de 400 millions de dollars, lors de la visite à Washington du chancelier allemand, Olaf Scholz, qui a été l’occasion de réitérer le soutien occidental à Kiev.

Sur le terrain, le groupe paramilitaire russe Wagner a affirmé avoir « pratiquement encerclé » Bakhmout, ville-symbole de l’est, et appelé le président ukrainien, Volodymyr Zelensky, à sonner le retrait de ses troupes.

L’aide militaire occidentale à l’Ukraine a été cruciale pour permettre à Kiev de résister aux assauts des troupes russes et même de regagner du terrain, mais le Kremlin a déclaré que cette aide ne ferait que « prolonger le conflit et aurait de tristes conséquences pour le peuple ukrainien ».

Washington n’a pas tenu compte de cet avertissement et a annoncé de nouvelles aides, incluant des munitions, notamment pour le système de roquettes Himars que les forces ukrainiennes ont utilisé avec un effet dévastateur contre les troupes et les lignes logistiques russes.

Le président Joe Biden a accueilli M. Scholz à la Maison-Blanche pour son premier voyage à Washington depuis l’invasion de la Russie.

Lors de leur dernière rencontre, « la Russie rassemblait ses troupes » à la frontière, a déclaré M. Biden à la presse, ajoutant que les pays occidentaux avaient promis de réagir et « qu’ensemble, nous avons tenu cette promesse ».

En réponse, M. Scholz a déclaré qu’il était important d’envoyer un message à l’Ukraine, à savoir que « nous continuerons à [la] soutenir aussi longtemps que nécessaire. »

Dans une autre manifestation de soutien à l’Ukraine, le procureur général américain, Merrick Garland, a effectué une visite surprise dans le pays vendredi pour participer à une conférence sur la justice et les crimes de guerre.

« Il a réaffirmé notre détermination à tenir la Russie pour responsable des crimes commis lors de son invasion injuste et non provoquée contre son voisin souverain », a déclaré un responsable du ministère de la Justice.

Lors de cette conférence qui s’est tenue à Lviv, dans l’ouest de l’Ukraine, le procureur général ukrainien a par ailleurs annoncé l’ouverture prochaine à Kiev d’un bureau de la Cour pénale internationale.

La bataille de Bakhmout

La bataille pour Bakhmout, ville industrielle dont l’importance stratégique est contestée, dure depuis l’été. La cité est devenue un symbole, car elle est l’épicentre des combats entre Russes et Ukrainiens depuis des mois.

Ces dernières semaines, les forces russes ont progressé, coupant trois des quatre routes d’approvisionnement ukrainiennes et rendant la position des défenseurs de plus en plus précaire.

« Les unités de Wagner ont pratiquement encerclé Bakhmout, il ne reste plus qu’une seule route » pour en sortir, a souligné vendredi le patron de Wagner, Evguéni Prigojine, dans une vidéo publiée sur Telegram par son service de presse.

En tenue de combat, M. Prigojine a appelé M. Zelensky — qui avait juré de défendre Bakhmout « aussi longtemps que possible » — à donner l’ordre aux troupes ukrainiennes de se retirer de la ville.

« Si avant nous faisions face à une armée ukrainienne professionnelle, qui combattait contre nous, aujourd’hui nous voyons de plus en plus de personnes âgées et d’enfants. Ils se battent, mais leur vie à Bakhmout est courte, un jour ou deux », a lancé M. Prigojine. « Donnez-leur une chance de quitter la ville, elle est pratiquement encerclée », a-t-il ajouté.

La vidéo montre ensuite trois personnes, un homme âgé et deux jeunes, demandant face caméra à M. Zelensky de leur permettre de partir.

Le commandement militaire ukrainien a admis mardi une situation « extrêmement tendue » à Bakhmout face à une tentative de percée russe.

M. Zelensky avait pour sa part constaté le même jour une augmentation de « l’intensité des combats » autour de la ville, qui comptait quelque 70 000 habitants avant la guerre. Il en reste aujourd’hui 4500, selon les autorités locales.

L’état-major ukrainien n’a donné aucune précision sur la situation à Bakhmout vendredi, se contentant de signaler que l’armée avait repoussé 85 attaques russes sur l’ensemble du front ces dernières 24 heures.

Mercredi, le porte-parole du commandement oriental de l’armée ukrainienne, Serguiï Tcherevaty, avait démenti auprès de l’Agence France-Presse (AFP) qu’un retrait de Bakhmout était en cours.

Les soldats ukrainiens récemment interrogés par l’AFP sur place essayaient, pour certains, de rester optimistes. D’autres ont fait état d’un manque d’hommes, de munitions, et de soutien de l’artillerie.

À l’ouest de Bakhmout, le bilan des victimes de l’attaque russe sur un immeuble de la ville de Zaporijia, touché par un missile dans la nuit de mercredi à jeudi, s’est alourdi à sept morts, selon les services de secours ukrainiens de la région.

Incursion en Russie

Les menaces de Wagner interviennent au lendemain d’un incident dans la région russe de Briansk, frontalière de l’Ukraine, incident qui a été présenté par Moscou comme une incursion de « saboteurs » ukrainiens.

Selon les services de sécurité russes, ce groupe a ouvert le feu sur une voiture, tuant deux civils et blessant un enfant dans le village de Lioubetchané, situé juste à la frontière avec l’Ukraine.

La présidence ukrainienne a démenti ces allégations, y voyant une « provocation délibérée » qui vise, selon elle, à justifier l’invasion que mène Moscou depuis plus d’un an.

Dans deux vidéos publiées sur les réseaux sociaux, dont l’AFP n’a pas pu vérifier l’authenticité, quatre hommes en treillis, se présentant comme des membres d’un groupe de « volontaires russes » au sein de l’armée ukrainienne, ont revendiqué cette infiltration.

Des médias russes et ukrainiens ont reconnu l’un de ces hommes comme étant Denis Nikitine, un néonazi russe habitant en Ukraine depuis plusieurs années."
"En Grèce, la colère engendrée par la catastrophe ferroviaire ne s’estompe pas","Fri, 03 Mar 2023 19:59:15 -0500",webmestre@ledevoir.com (Vassilis  Kyriakoulis),https://www.ledevoir.com/monde/europe/783964/-en-grece-la-colere-engendree-par-la-catastrophe-ferroviaire-ne-s-estompe-pas,"« Assassins », « crime » : des milliers de personnes en colère ont manifesté vendredi, à Athènes, où des heurts ont éclaté, et dans d’autres villes de Grèce, à la mémoire des 57 personnes tuées, dont beaucoup d’étudiants, dans une collision de trains, au troisième jour de deuil national.

Dans la capitale, une nouvelle manifestation a réuni 3 000 personnes dans la soirée au centre-ville, où la police a fait usage de grenades lacrymogènes et assourdissantes contre un groupe de manifestants qui lui jetait des pierres et avait mis le feu à des poubelles. La police a aussi brièvement fait usage de gaz lacrymogène un peu auparavant à Thessalonique, dans le nord du pays, où un nombre similaire de manifestants ont défilé.

La plupart des universités sont restées portes closes vendredi, selon le président d’un syndicat étudiant, Angelos Thomopoulos.

Première cible de la colère, la compagnie ferroviaire grecque Hellenic Train. Le mot « Assassins » avait été peint le matin en lettre rouge sur la vitre du siège de cette compagnie à Athènes ﻿devant lequel se sont rassemblées plus de 5 000 personnes, a constaté un journaliste de l’Agence France-Presse.

Hellenic Train est mise en cause pour de nombreuses négligences et lacunes ayant entraîné cette catastrophe qualifiée de « tragédie nationale » par les autorités et qui bouleverse la Grèce.

Ils étaient aussi 700 manifestants à Larissa, la ville la plus proche du lieu de l’accident, dans le centre du pays, et 500 à Patras, une ville universitaire du Péloponnèse, selon la police.

« Nous vivons la plus grande tragédie de notre histoire », a déclaré la direction de l’Université Aristote de Thessalonique, plus grande université du nord du pays, dont neuf de ses 5 000 étudiants sont morts dans la tragédie.

À Thessalonique, deuxième ville du pays, où de nombreuses victimes suivaient leurs études, les jeunes pleurent leurs amis, mais, comme ailleurs, réclament aussi des comptes et la vérité malgré le mea culpa du gouvernement sur les défaillances « chroniques » du réseau ferroviaire qui ont conduit à l’accident.

Photo: Giannis Papanikos Associated Press

« Ce qui s’est passé n’est pas un accident, c’est un crime », accuse Sofia, étudiante de 23 ans, qui ne souhaite pas donner son nom complet. « Nos morts sont leurs profits. Nous ne vous oublierons pas », peut-on lire sur une banderole accrochée à l’entrée principale du Département d’agriculture.

À Athènes, des manifestants avaient brandi dans la journée des ballons noirs et déployé une banderole noire géante à la mémoire des victimes.

Certains d’entre eux ont observé une minute de silence devant le parlement. « Ce crime ne doit pas être caché sous le tapis », pouvait-on lire sur un panneau, ou encore « envoie-moi un message quand tu arrives », disait un autre reprenant le témoignage d’une mère dont l’enfant a été tué.

« Honteux »

« Ce qui s’est passé est honteux », s’est emportée Maria Psachelis, les larmes aux yeux, dans le cortège. « Je suis très émue […], moi aussi j’ai un enfant étudiant qui faisait ce trajet », a-t-elle ajouté.

« Nous sommes remplis de rage et ne pouvons accepter qu’un événement aussi tragique puisse se produire en 2023, avec des dizaines de vies perdues, parmi lesquelles de nombreux camarades étudiants », a souligné Angelos Thomopoulos.

Plus tôt, vendredi matin, la police grecque avait perquisitionné la gare de Larissa, à la recherche des causes du drame. Le chef de gare, 59 ans, qui a reconnu sa responsabilité dans l’accident, doit être entendu par la justice à Larissa samedi. Il risque la prison à vie si sa culpabilité est établie.

Des médias, dont la chaîne publique de télévision ERT, ont mis en avant son inexpérience puisque, selon eux, il avait été nommé à ce poste il y a seulement 40 jours après un emploi au ministère de l’Éducation et une formation de trois mois.

Selon une source judiciaire, l’enquête en cours vise « à engager des poursuites pénales, si nécessaires, contre des membres de la direction de l’entreprise » Hellenic Train.

Elle a confirmé que « des fichiers audio, des documents et d’autres preuves pouvant aider à clarifier l’affaire et à attribuer des responsabilités pénales ont été saisis » dans la gare de Larissa.

La justice et la population veulent comprendre pourquoi un train transportant 342 passagers et dix cheminots a pu être autorisé à emprunter la même voie unique, reliant Athènes à Thessalonique, qu’un convoi de marchandises.

Sonnette d’alarme

Les trains n’ont pas circulé jeudi et vendredi après un appel à la grève des syndicats de cheminots. L’appel a été reconduit vendredi pour 48 heures de plus.

« Malheureusement, nos demandes constantes de recrutement de personnel permanent, de meilleure formation, mais surtout d’adoption de technologies de sécurité modernes ont toutes été définitivement jetées à la poubelle », ont déploré les organisations.

Le président du syndicat des chefs de train OSE, Kostas Genidounias, a mis en exergue les manquements à la sécurité sur la ligne incriminée.

« Toute [la signalisation] est faite manuellement. C’est depuis l’an 2000 que les systèmes ne fonctionnent pas », s’est-il emporté.

Les représentants syndicaux de la compagnie des chemins de fer Hellenic Train avaient tiré la sonnette d’alarme il y a trois semaines.

« Nous n’allons pas attendre l’accident qui arrivera pour voir les responsables verser des larmes de crocodile », avaient-ils averti.

Hellenic Train avait été achetée en 2017 par le groupe public italien Ferrovie Dello Stato Italiane (FS) dans le cadre du programme de privatisation exigé par les créanciers de la Grèce pendant la crise économique (2009-2018).

Un autre rassemblement est déjà prévu dimanche matin sur la place Syntagma, la principale place de la capitale en face du parlement."
La Maison-Blanche critique les élus incitant les pharmacies à ne pas fournir de pilules abortives,"Fri, 03 Mar 2023 19:27:39 -0500",webmestre@ledevoir.com (Agence France-Presse),https://www.ledevoir.com/monde/etats-unis/784063/-la-maison-blanche-critique-les-elus-incitant-les-pharmacies-a-ne-pas-fournir-de-pilules-abortives,"La Maison-Blanche a dénoncé vendredi les élus faisant pression sur les pharmacies pour qu’elles ne distribuent pas de pilules abortives, suite à une décision de Walgreens de ne pas en vendre dans plusieurs États où elles restent pourtant légales.

« Le fait que des élus ciblent les pharmacies et leur capacité à fournir aux femmes l’accès à des médicaments sûrs, efficaces et approuvés par [l’agence du médicament] est dangereux et tout simplement inacceptable », a déclaré la porte-parole de l’exécutif américain, Karine Jean-Pierre, lors d’un point presse.

Elle faisait référence à une lettre cosignée par les procureurs généraux de vingt États adressée le 1er février à Walgreens et CVS et prévenant les groupes de possibles poursuites judiciaires s’ils distribuaient par courrier la mifépristone, une des deux pilules utilisées pour les interruptions médicamenteuses de grossesse.

Walgreens, l’une des plus grandes chaînes de pharmacies du pays, a confirmé à l’AFP avoir répondu aux procureurs généraux en affirmant « ne pas avoir l’intention de distribuer la mifépristone dans leur État respectif ».

La bataille autour de ce médicament s’est enflammée après la décision de la Cour suprême des États-Unis de dynamiter le droit à l’avortement, en juin dernier.

Une quinzaine d’États ont depuis interdit les interruptions volontaires de grossesse sur leur sol et les pilules abortives y sont illégales.

L’avortement reste pourtant légal dans plusieurs des États où Walgreens prévoit de ne pas distribuer la pilule abortive, comme le Montana, l’Iowa, le Kansas ou l’Alaska.

Wagreens souligne avoir toujours l’intention de se faire certifier pour pouvoir distribuer la pilule abortive, comme l’y autorise depuis janvier l’agence américaine du médicament (FDA).

Mais une fois obtenue la certification nécessaire, ses pharmacies vendront le médicament « uniquement dans les juridictions où cela est légal et opérationnellement faisable », a ajouté un porte-parole du groupe sans donner plus de précisions.

Avant la COVID-19, la pilule ne pouvait être remise en personne que dans des lieux très spécifiques, notamment des cliniques pratiquant des avortements.

Avec la pandémie, la FDA a accepté qu’elle puisse être envoyée par la poste, y compris après une consultation en télémédecine, et a décidé en janvier que toute pharmacie certifiée pourrait la commercialiser."
Biden s’est fait retirer une «petite» lésion cancéreuse de la peau,"Fri, 03 Mar 2023 18:54:49 -0500",webmestre@ledevoir.com (Agence France-Presse),https://www.ledevoir.com/monde/etats-unis/784059/-biden-s-est-fait-retirer-une-petite-lesion-cancereuse-de-la-peau,"Joe Biden, 80 ans, a été opéré en février d’une « petite » lésion sur la poitrine, qui s’est révélée cancéreuse après examen, a fait savoir vendredi son médecin, indiquant que « tous les tissus cancéreux avaient été enlevés avec succès ».

La lésion cancéreuse, détectée et retirée lors de l’examen médical de routine du président américain le 16 février, relève d’un « carcinome basocellulaire » et n’a « pas tendance à s’étendre ou à causer de métastases », a précisé le praticien dans un rapport rendu public par la Maison-Blanche.

Cela la distingue de formes de cancers de la peau « plus graves », telles que le mélanome, a-t-il écrit.

Kevin O’Connor a aussi fait savoir que l’endroit où se trouvait la lésion avait « bien cicatrisé ».

À l’issue de la visite médicale du 16 février, le médecin avait rappelé que Joe Biden avait « passé beaucoup de temps au soleil pendant sa jeunesse » et qu’il avait déjà, avant d’être président, été opéré pour des lésions cancéreuses.

Il avait conclu à l’époque que le président, âgé de 80 ans et qui a l’intention de briguer un second mandat lors de l’élection présidentielle de 2024, était « en bonne santé » et « apte » à exercer ses fonctions."
